root,subpath_2,subpath_3,subpath_4,file,index,code,comments,docstring,none,total
/Users/guojiao/Desktop/BR/a工作/Project/ORC/orc-new,,,,schedule_orc.py,/Users/guojiao/Desktop/BR/a工作/Project/ORC/orc-new/schedule_orc.py,24,0,0,8,32
/Users/guojiao/Desktop/BR/a工作/Project/ORC/orc-new,,,,config.py,/Users/guojiao/Desktop/BR/a工作/Project/ORC/orc-new/config.py,18,2,0,5,25
/Users/guojiao/Desktop/BR/a工作/Project/ORC/orc-new,,,,__init__.py,/Users/guojiao/Desktop/BR/a工作/Project/ORC/orc-new/__init__.py,0,0,0,0,0
/Users/guojiao/Desktop/BR/a工作/Project/ORC/orc-new,,,,utils.py,/Users/guojiao/Desktop/BR/a工作/Project/ORC/orc-new/utils.py,65,0,3,21,89
/Users/guojiao/Desktop/BR/a工作/Project/ORC/orc-new,,,,app.py,/Users/guojiao/Desktop/BR/a工作/Project/ORC/orc-new/app.py,10,0,0,5,15
/Users/guojiao/Desktop/BR/a工作/Project/ORC/orc-new,,,,wsgi.py,/Users/guojiao/Desktop/BR/a工作/Project/ORC/orc-new/wsgi.py,6,0,0,4,10
/Users/guojiao/Desktop/BR/a工作/Project/ORC/orc-new,database,,,vdb.py,/Users/guojiao/Desktop/BR/a工作/Project/ORC/orc-new/database/vdb.py,3,0,0,3,6
/Users/guojiao/Desktop/BR/a工作/Project/ORC/orc-new,database,,,qc.py,/Users/guojiao/Desktop/BR/a工作/Project/ORC/orc-new/database/qc.py,63,1,1,9,74
/Users/guojiao/Desktop/BR/a工作/Project/ORC/orc-new,database,,,__init__.py,/Users/guojiao/Desktop/BR/a工作/Project/ORC/orc-new/database/__init__.py,81,3,0,13,97
/Users/guojiao/Desktop/BR/a工作/Project/ORC/orc-new,database,,,msi.py,/Users/guojiao/Desktop/BR/a工作/Project/ORC/orc-new/database/msi.py,35,0,0,9,44
/Users/guojiao/Desktop/BR/a工作/Project/ORC/orc-new,database,,,utils.py,/Users/guojiao/Desktop/BR/a工作/Project/ORC/orc-new/database/utils.py,0,21,0,2,23
/Users/guojiao/Desktop/BR/a工作/Project/ORC/orc-new,database,,,gvi.py,/Users/guojiao/Desktop/BR/a工作/Project/ORC/orc-new/database/gvi.py,85,0,0,16,101
/Users/guojiao/Desktop/BR/a工作/Project/ORC/orc-new,database,,,validation.py,/Users/guojiao/Desktop/BR/a工作/Project/ORC/orc-new/database/validation.py,75,0,6,11,92
/Users/guojiao/Desktop/BR/a工作/Project/ORC/orc-new,database,table,,brdb_test.py,/Users/guojiao/Desktop/BR/a工作/Project/ORC/orc-new/database/table/brdb_test.py,30,0,0,15,45
/Users/guojiao/Desktop/BR/a工作/Project/ORC/orc-new,database,table,,brdb.py,/Users/guojiao/Desktop/BR/a工作/Project/ORC/orc-new/database/table/brdb.py,441,3,0,66,510
/Users/guojiao/Desktop/BR/a工作/Project/ORC/orc-new,database,table,,brp.py,/Users/guojiao/Desktop/BR/a工作/Project/ORC/orc-new/database/table/brp.py,29,0,0,13,42
/Users/guojiao/Desktop/BR/a工作/Project/ORC/orc-new,database,table,,__init__.py,/Users/guojiao/Desktop/BR/a工作/Project/ORC/orc-new/database/table/__init__.py,0,0,0,0,0
/Users/guojiao/Desktop/BR/a工作/Project/ORC/orc-new,database,variant,,update.py,/Users/guojiao/Desktop/BR/a工作/Project/ORC/orc-new/database/variant/update.py,3,0,0,3,6
/Users/guojiao/Desktop/BR/a工作/Project/ORC/orc-new,database,variant,,show.py,/Users/guojiao/Desktop/BR/a工作/Project/ORC/orc-new/database/variant/show.py,211,6,45,22,284
/Users/guojiao/Desktop/BR/a工作/Project/ORC/orc-new,database,variant,,plot.py,/Users/guojiao/Desktop/BR/a工作/Project/ORC/orc-new/database/variant/plot.py,21,0,0,5,26
/Users/guojiao/Desktop/BR/a工作/Project/ORC/orc-new,database,variant,,add.py,/Users/guojiao/Desktop/BR/a工作/Project/ORC/orc-new/database/variant/add.py,7,0,0,4,11
/Users/guojiao/Desktop/BR/a工作/Project/ORC/orc-new,database,variant,,mark_fp.py,/Users/guojiao/Desktop/BR/a工作/Project/ORC/orc-new/database/variant/mark_fp.py,3,0,0,3,6
/Users/guojiao/Desktop/BR/a工作/Project/ORC/orc-new,database,variant,,__init__.py,/Users/guojiao/Desktop/BR/a工作/Project/ORC/orc-new/database/variant/__init__.py,0,0,0,3,3
/Users/guojiao/Desktop/BR/a工作/Project/ORC/orc-new,database,variant,,compare.py,/Users/guojiao/Desktop/BR/a工作/Project/ORC/orc-new/database/variant/compare.py,139,0,12,22,173
/Users/guojiao/Desktop/BR/a工作/Project/ORC/orc-new,tests,user,,user.py,/Users/guojiao/Desktop/BR/a工作/Project/ORC/orc-new/tests/user/user.py,21,1,0,7,29
/Users/guojiao/Desktop/BR/a工作/Project/ORC/orc-new,tests,scheduled,,update_status.py,/Users/guojiao/Desktop/BR/a工作/Project/ORC/orc-new/tests/scheduled/update_status.py,9,0,0,7,16
/Users/guojiao/Desktop/BR/a工作/Project/ORC/orc-new,models,,,user.py,/Users/guojiao/Desktop/BR/a工作/Project/ORC/orc-new/models/user.py,22,0,0,8,30
/Users/guojiao/Desktop/BR/a工作/Project/ORC/orc-new,models,,,error.py,/Users/guojiao/Desktop/BR/a工作/Project/ORC/orc-new/models/error.py,26,0,3,10,39
/Users/guojiao/Desktop/BR/a工作/Project/ORC/orc-new,models,,,locker.py,/Users/guojiao/Desktop/BR/a工作/Project/ORC/orc-new/models/locker.py,94,2,3,16,115
/Users/guojiao/Desktop/BR/a工作/Project/ORC/orc-new,models,,,__init__.py,/Users/guojiao/Desktop/BR/a工作/Project/ORC/orc-new/models/__init__.py,6,0,3,5,14
/Users/guojiao/Desktop/BR/a工作/Project/ORC/orc-new,models,,,vdb_table.py,/Users/guojiao/Desktop/BR/a工作/Project/ORC/orc-new/models/vdb_table.py,53,0,0,11,64
/Users/guojiao/Desktop/BR/a工作/Project/ORC/orc-new,models,,,helper.py,/Users/guojiao/Desktop/BR/a工作/Project/ORC/orc-new/models/helper.py,157,3,6,30,196
/Users/guojiao/Desktop/BR/a工作/Project/ORC/orc-new,models,msi,,update.py,/Users/guojiao/Desktop/BR/a工作/Project/ORC/orc-new/models/msi/update.py,51,1,3,10,65
/Users/guojiao/Desktop/BR/a工作/Project/ORC/orc-new,models,msi,,show.py,/Users/guojiao/Desktop/BR/a工作/Project/ORC/orc-new/models/msi/show.py,22,0,0,8,30
/Users/guojiao/Desktop/BR/a工作/Project/ORC/orc-new,models,variant,,update.py,/Users/guojiao/Desktop/BR/a工作/Project/ORC/orc-new/models/variant/update.py,129,5,10,23,167
/Users/guojiao/Desktop/BR/a工作/Project/ORC/orc-new,models,variant,,show.py,/Users/guojiao/Desktop/BR/a工作/Project/ORC/orc-new/models/variant/show.py,148,4,0,30,182
/Users/guojiao/Desktop/BR/a工作/Project/ORC/orc-new,models,variant,,_report_form.py,/Users/guojiao/Desktop/BR/a工作/Project/ORC/orc-new/models/variant/_report_form.py,149,4,0,25,178
/Users/guojiao/Desktop/BR/a工作/Project/ORC/orc-new,models,variant,,add.py,/Users/guojiao/Desktop/BR/a工作/Project/ORC/orc-new/models/variant/add.py,78,1,3,12,94
/Users/guojiao/Desktop/BR/a工作/Project/ORC/orc-new,models,variant,,mark_fp.py,/Users/guojiao/Desktop/BR/a工作/Project/ORC/orc-new/models/variant/mark_fp.py,107,0,3,23,133
/Users/guojiao/Desktop/BR/a工作/Project/ORC/orc-new,models,variant,,__init__.py,/Users/guojiao/Desktop/BR/a工作/Project/ORC/orc-new/models/variant/__init__.py,0,0,0,0,0
/Users/guojiao/Desktop/BR/a工作/Project/ORC/orc-new,models,variant,,compare.py,/Users/guojiao/Desktop/BR/a工作/Project/ORC/orc-new/models/variant/compare.py,74,1,0,14,89
/Users/guojiao/Desktop/BR/a工作/Project/ORC/orc-new,models,gvi,,update.py,/Users/guojiao/Desktop/BR/a工作/Project/ORC/orc-new/models/gvi/update.py,175,5,9,30,219
/Users/guojiao/Desktop/BR/a工作/Project/ORC/orc-new,models,gvi,,show.py,/Users/guojiao/Desktop/BR/a工作/Project/ORC/orc-new/models/gvi/show.py,92,0,3,15,110
/Users/guojiao/Desktop/BR/a工作/Project/ORC/orc-new,models,gvi,,__init__.py,/Users/guojiao/Desktop/BR/a工作/Project/ORC/orc-new/models/gvi/__init__.py,0,0,0,0,0
/Users/guojiao/Desktop/BR/a工作/Project/ORC/orc-new,models,qc,,update.py,/Users/guojiao/Desktop/BR/a工作/Project/ORC/orc-new/models/qc/update.py,59,1,0,10,70
/Users/guojiao/Desktop/BR/a工作/Project/ORC/orc-new,models,qc,,show.py,/Users/guojiao/Desktop/BR/a工作/Project/ORC/orc-new/models/qc/show.py,22,0,0,7,29
/Users/guojiao/Desktop/BR/a工作/Project/ORC/orc-new,models,qc,,__init__.py,/Users/guojiao/Desktop/BR/a工作/Project/ORC/orc-new/models/qc/__init__.py,7,0,0,4,11
/Users/guojiao/Desktop/BR/a工作/Project/ORC/orc-new,cfg,,,schedule_cfg.py,/Users/guojiao/Desktop/BR/a工作/Project/ORC/orc-new/cfg/schedule_cfg.py,1,0,3,4,8
/Users/guojiao/Desktop/BR/a工作/Project/ORC/orc-new,cfg,,,variant_cfg.py,/Users/guojiao/Desktop/BR/a工作/Project/ORC/orc-new/cfg/variant_cfg.py,156,15,0,26,197
/Users/guojiao/Desktop/BR/a工作/Project/ORC/orc-new,cfg,,,gvi_cfg.py,/Users/guojiao/Desktop/BR/a工作/Project/ORC/orc-new/cfg/gvi_cfg.py,32,0,0,5,37
/Users/guojiao/Desktop/BR/a工作/Project/ORC/orc-new,cfg,,,qc_cfg.py,/Users/guojiao/Desktop/BR/a工作/Project/ORC/orc-new/cfg/qc_cfg.py,1,0,0,0,1
/Users/guojiao/Desktop/BR/a工作/Project/ORC/orc-new,cfg,,,error_cfg.py,/Users/guojiao/Desktop/BR/a工作/Project/ORC/orc-new/cfg/error_cfg.py,29,0,0,1,30
/Users/guojiao/Desktop/BR/a工作/Project/ORC/orc-new,cfg,,,lock_cfg.py,/Users/guojiao/Desktop/BR/a工作/Project/ORC/orc-new/cfg/lock_cfg.py,3,0,0,2,5
/Users/guojiao/Desktop/BR/a工作/Project/ORC/orc-new,cfg,,,db_user_cfg.py,/Users/guojiao/Desktop/BR/a工作/Project/ORC/orc-new/cfg/db_user_cfg.py,3,0,0,1,4
/Users/guojiao/Desktop/BR/a工作/Project/ORC/orc-new,cfg,,,email_cfg.py,/Users/guojiao/Desktop/BR/a工作/Project/ORC/orc-new/cfg/email_cfg.py,3,0,0,1,4
/Users/guojiao/Desktop/BR/a工作/Project/ORC/orc-new,cfg,,,db_cfg.py,/Users/guojiao/Desktop/BR/a工作/Project/ORC/orc-new/cfg/db_cfg.py,34,0,0,7,41
/Users/guojiao/Desktop/BR/a工作/Project/ORC/orc-new,cfg,,,sql.py,/Users/guojiao/Desktop/BR/a工作/Project/ORC/orc-new/cfg/sql.py,46,0,1,1,48
/Users/guojiao/Desktop/BR/a工作/Project/ORC/orc-new,cfg,,,validation_cfg.py,/Users/guojiao/Desktop/BR/a工作/Project/ORC/orc-new/cfg/validation_cfg.py,77,0,0,4,81
/Users/guojiao/Desktop/BR/a工作/Project/ORC/orc-new,rules,,,__init__.py,/Users/guojiao/Desktop/BR/a工作/Project/ORC/orc-new/rules/__init__.py,0,0,0,0,0
/Users/guojiao/Desktop/BR/a工作/Project/ORC/orc-new,rules,interpretation_HGVS,,anno_config.py,/Users/guojiao/Desktop/BR/a工作/Project/ORC/orc-new/rules/interpretation_HGVS/anno_config.py,745,432,0,5,1182
/Users/guojiao/Desktop/BR/a工作/Project/ORC/orc-new,rules,interpretation_HGVS,,__init__.py,/Users/guojiao/Desktop/BR/a工作/Project/ORC/orc-new/rules/interpretation_HGVS/__init__.py,0,0,0,0,0
/Users/guojiao/Desktop/BR/a工作/Project/ORC/orc-new,rules,interpretation_HGVS,,descHGVS.py,/Users/guojiao/Desktop/BR/a工作/Project/ORC/orc-new/rules/interpretation_HGVS/descHGVS.py,1571,247,37,198,2053
/Users/guojiao/Desktop/BR/a工作/Project/ORC/orc-new,rules,interpretation_HGVS,,run_descHGVS.py,/Users/guojiao/Desktop/BR/a工作/Project/ORC/orc-new/rules/interpretation_HGVS/run_descHGVS.py,28,7,0,5,40
/Users/guojiao/Desktop/BR/a工作/Project/ORC/orc-new,rules,interpretation_HGVS,utils,code.py,/Users/guojiao/Desktop/BR/a工作/Project/ORC/orc-new/rules/interpretation_HGVS/utils/code.py,52,8,0,3,63
/Users/guojiao/Desktop/BR/a工作/Project/ORC/orc-new,rules,interpretation_HGVS,utils,__init__.py,/Users/guojiao/Desktop/BR/a工作/Project/ORC/orc-new/rules/interpretation_HGVS/utils/__init__.py,0,0,0,0,0
/Users/guojiao/Desktop/BR/a工作/Project/ORC/orc-new,rules,interpretation_HGVS,utils,connector.py,/Users/guojiao/Desktop/BR/a工作/Project/ORC/orc-new/rules/interpretation_HGVS/utils/connector.py,241,30,63,58,392
/Users/guojiao/Desktop/BR/a工作/Project/ORC/orc-new,rules,interpretation_HGVS,utils,ngs.py,/Users/guojiao/Desktop/BR/a工作/Project/ORC/orc-new/rules/interpretation_HGVS/utils/ngs.py,398,54,0,69,521
/Users/guojiao/Desktop/BR/a工作/Project/ORC/orc-new,rules,interpretation_HGVS,utils,base.py,/Users/guojiao/Desktop/BR/a工作/Project/ORC/orc-new/rules/interpretation_HGVS/utils/base.py,149,21,8,47,225
/Users/guojiao/Desktop/BR/a工作/Project/ORC/orc-new,rules,interpretation_HGVS,utils,spider.py,/Users/guojiao/Desktop/BR/a工作/Project/ORC/orc-new/rules/interpretation_HGVS/utils/spider.py,84,8,8,21,121
/Users/guojiao/Desktop/BR/a工作/Project/ORC/orc-new,rules,variant,,show.py,/Users/guojiao/Desktop/BR/a工作/Project/ORC/orc-new/rules/variant/show.py,276,8,9,54,347
/Users/guojiao/Desktop/BR/a工作/Project/ORC/orc-new,rules,variant,,plot.py,/Users/guojiao/Desktop/BR/a工作/Project/ORC/orc-new/rules/variant/plot.py,72,0,0,14,86
/Users/guojiao/Desktop/BR/a工作/Project/ORC/orc-new,rules,variant,,add.py,/Users/guojiao/Desktop/BR/a工作/Project/ORC/orc-new/rules/variant/add.py,220,2,0,20,242
/Users/guojiao/Desktop/BR/a工作/Project/ORC/orc-new,rules,variant,,__init__.py,/Users/guojiao/Desktop/BR/a工作/Project/ORC/orc-new/rules/variant/__init__.py,0,0,0,0,0
/Users/guojiao/Desktop/BR/a工作/Project/ORC/orc-new,rules,variant,,compare_update.py,/Users/guojiao/Desktop/BR/a工作/Project/ORC/orc-new/rules/variant/compare_update.py,204,5,3,32,244
/Users/guojiao/Desktop/BR/a工作/Project/ORC/orc-new,rules,variant,,utils.py,/Users/guojiao/Desktop/BR/a工作/Project/ORC/orc-new/rules/variant/utils.py,126,0,0,29,155
/Users/guojiao/Desktop/BR/a工作/Project/ORC/orc-new,rules,variant,,complete.py,/Users/guojiao/Desktop/BR/a工作/Project/ORC/orc-new/rules/variant/complete.py,160,10,6,36,212
/Users/guojiao/Desktop/BR/a工作/Project/ORC/orc-new,scheduled,,,release_cache.py,/Users/guojiao/Desktop/BR/a工作/Project/ORC/orc-new/scheduled/release_cache.py,64,0,3,13,80
/Users/guojiao/Desktop/BR/a工作/Project/ORC/orc-new,scheduled,,,utils.py,/Users/guojiao/Desktop/BR/a工作/Project/ORC/orc-new/scheduled/utils.py,10,0,3,3,16
/Users/guojiao/Desktop/BR/a工作/Project/ORC/orc-new,scheduled,,,send_email.py,/Users/guojiao/Desktop/BR/a工作/Project/ORC/orc-new/scheduled/send_email.py,30,0,0,5,35
/Users/guojiao/Desktop/BR/a工作/Project/ORC/orc-new,routes,,,error.py,/Users/guojiao/Desktop/BR/a工作/Project/ORC/orc-new/routes/error.py,19,0,0,4,23
/Users/guojiao/Desktop/BR/a工作/Project/ORC/orc-new,routes,,,__init__.py,/Users/guojiao/Desktop/BR/a工作/Project/ORC/orc-new/routes/__init__.py,11,0,0,4,15
/Users/guojiao/Desktop/BR/a工作/Project/ORC/orc-new,routes,,,docs.py,/Users/guojiao/Desktop/BR/a工作/Project/ORC/orc-new/routes/docs.py,10,0,0,6,16
/Users/guojiao/Desktop/BR/a工作/Project/ORC/orc-new,routes,,,context.py,/Users/guojiao/Desktop/BR/a工作/Project/ORC/orc-new/routes/context.py,30,0,0,7,37
/Users/guojiao/Desktop/BR/a工作/Project/ORC/orc-new,routes,,,utils.py,/Users/guojiao/Desktop/BR/a工作/Project/ORC/orc-new/routes/utils.py,10,0,0,3,13
/Users/guojiao/Desktop/BR/a工作/Project/ORC/orc-new,routes,,,lock.py,/Users/guojiao/Desktop/BR/a工作/Project/ORC/orc-new/routes/lock.py,11,0,0,4,15
/Users/guojiao/Desktop/BR/a工作/Project/ORC/orc-new,routes,,,sample.py,/Users/guojiao/Desktop/BR/a工作/Project/ORC/orc-new/routes/sample.py,52,0,0,14,66
/Users/guojiao/Desktop/BR/a工作/Project/ORC/orc-new,routes,,,variant.py,/Users/guojiao/Desktop/BR/a工作/Project/ORC/orc-new/routes/variant.py,97,1,0,24,122
/Users/guojiao/Desktop/BR/a工作/Project/ORC/orc-new,validation,,,user.py,/Users/guojiao/Desktop/BR/a工作/Project/ORC/orc-new/validation/user.py,17,0,0,5,22
/Users/guojiao/Desktop/BR/a工作/Project/ORC/orc-new,validation,,,vdb.py,/Users/guojiao/Desktop/BR/a工作/Project/ORC/orc-new/validation/vdb.py,12,0,0,5,17
/Users/guojiao/Desktop/BR/a工作/Project/ORC/orc-new,validation,,,qc.py,/Users/guojiao/Desktop/BR/a工作/Project/ORC/orc-new/validation/qc.py,22,0,0,8,30
/Users/guojiao/Desktop/BR/a工作/Project/ORC/orc-new,validation,,,database.py,/Users/guojiao/Desktop/BR/a工作/Project/ORC/orc-new/validation/database.py,15,0,0,5,20
/Users/guojiao/Desktop/BR/a工作/Project/ORC/orc-new,validation,,,__init__.py,/Users/guojiao/Desktop/BR/a工作/Project/ORC/orc-new/validation/__init__.py,245,1,0,42,288
/Users/guojiao/Desktop/BR/a工作/Project/ORC/orc-new,validation,,,msi.py,/Users/guojiao/Desktop/BR/a工作/Project/ORC/orc-new/validation/msi.py,22,0,0,7,29
/Users/guojiao/Desktop/BR/a工作/Project/ORC/orc-new,validation,,,lock.py,/Users/guojiao/Desktop/BR/a工作/Project/ORC/orc-new/validation/lock.py,34,0,0,10,44
/Users/guojiao/Desktop/BR/a工作/Project/ORC/orc-new,validation,,,helper.py,/Users/guojiao/Desktop/BR/a工作/Project/ORC/orc-new/validation/helper.py,12,0,0,4,16
/Users/guojiao/Desktop/BR/a工作/Project/ORC/orc-new,validation,variant,,update.py,/Users/guojiao/Desktop/BR/a工作/Project/ORC/orc-new/validation/variant/update.py,60,0,0,14,74
/Users/guojiao/Desktop/BR/a工作/Project/ORC/orc-new,validation,variant,,show.py,/Users/guojiao/Desktop/BR/a工作/Project/ORC/orc-new/validation/variant/show.py,38,0,0,9,47
/Users/guojiao/Desktop/BR/a工作/Project/ORC/orc-new,validation,variant,,add.py,/Users/guojiao/Desktop/BR/a工作/Project/ORC/orc-new/validation/variant/add.py,70,0,0,13,83
/Users/guojiao/Desktop/BR/a工作/Project/ORC/orc-new,validation,variant,,mark_fp.py,/Users/guojiao/Desktop/BR/a工作/Project/ORC/orc-new/validation/variant/mark_fp.py,48,0,0,10,58
/Users/guojiao/Desktop/BR/a工作/Project/ORC/orc-new,validation,variant,,__init__.py,/Users/guojiao/Desktop/BR/a工作/Project/ORC/orc-new/validation/variant/__init__.py,0,0,0,0,0
/Users/guojiao/Desktop/BR/a工作/Project/ORC/orc-new,validation,variant,,compare.py,/Users/guojiao/Desktop/BR/a工作/Project/ORC/orc-new/validation/variant/compare.py,56,0,0,14,70
/Users/guojiao/Desktop/BR/a工作/Project/ORC/orc-new,validation,gvi,,gvi_interpretation.py,/Users/guojiao/Desktop/BR/a工作/Project/ORC/orc-new/validation/gvi/gvi_interpretation.py,25,0,0,8,33
/Users/guojiao/Desktop/BR/a工作/Project/ORC/orc-new,validation,gvi,,__init__.py,/Users/guojiao/Desktop/BR/a工作/Project/ORC/orc-new/validation/gvi/__init__.py,0,0,0,0,0
